Model,Accuracy,Precision,Recall,F1 Score
Logistic Regression,0.85,0.981288981,0.853526221,0.912959381
Gaussian Naive Bayes,0.845,0.981171548,0.848101266,0.909796314
Random Forest Classifier,0.9,0.967741935,0.922242315,0.944444444
Balance Random Forest Classifier,0.833333333,0.989200864,0.828209765,0.901574803
Support Vector Classifier,0.848333333,0.977272727,0.855334539,0.912246866
