,Model,Accuracy,Precision,Recall,F1 Score
0,Logistic Regression,0.7883333333333333,0.9884259259259259,0.7777777777777778,0.8705402650356778
1,Gaussian Naive Bayes,0.8183333333333334,0.9824561403508771,0.8160291438979964,0.891542288557214
2,Random Forest Classifier,0.8483333333333334,0.9731404958677686,0.8579234972677595,0.9119070667957405
3,Balance Random Forest Classifier,0.7116666666666667,0.9895833333333334,0.692167577413479,0.8145766345123259
4,Support Vector Classifier,0.7433333333333333,0.9900744416873449,0.726775956284153,0.8382352941176471
